CUI,Description,DescriptionSource,Description-GPT
C0817096,"The upper part of the trunk between the NECK and the ABDOMEN. It contains the chief organs of the circulatory and respiratory systems. (From Stedman, 25th ed)",MSH,The thorax is the area between the neck and abdomen containing key organs for circulation and respiration.
C1457869,A failing or deficiency.,NCI,The image highlights the presence of a failing or deficiency in a medical context.
C0439228,"The time for Earth to make a complete rotation on its axis; ordinarily divided into twenty-four hours, equal to 86 400 seconds. This also refers to a specific day.",NCI,None
C0038894,The branch of medical science that treats disease or injury by operative procedures.,NCI,"Surgical treatment involves operating on the body to repair damage or remove disease, often done in a hospital setting."
C0037775,"The placement, arrangement of instance of entities within a space.",NCI,Spatial organization of entities in a confined area determined by their placement and arrangement within that space.
C0027651,"New abnormal growth of tissue. Malignant neoplasms show a greater degree of anaplasia and have the properties of invasion and metastasis, compared to benign neoplasms.",MSH,"Aggressive, invasive, and metastatic cancerous growth."
C0040405,Tomography using x-ray transmission and a computer algorithm to reconstruct the image.,MSH,"Highly detailed cross-sectional images of the body, highlighting internal structures for diagnostic purposes."
C1306645,An image produced on a radiosensitive surface by x-ray radiation that has penetrated and passed through a structure.,NCI,X-ray imaging shows internal structures by capturing the radiation that has passed through a person or object.
C0001168,None,None,None
C0012725,The process by which an emotional or behavioral response that is appropriate for one situation appears in another situation for which it is inappropriate.,MSH,A misdirected emotional or behavioral response in a different situation that is not appropriate.
C0524461,None,None,None
C0205145,A position in relation to its surroundings.,NCI,"The keyword describes the placement of an object relative to its surroundings, providing important context in medical settings."
C0444764,None,None,None
C0021107,A surgical procedure that places something in the human body.,NCI,"The image shows a surgical procedure being performed, with a medical professional inserting an object into a patient's body."
C1510412,"Not an aneurysm but a well-defined collection of blood and CONNECTIVE TISSUE outside the wall of a blood vessel or the heart. It is the containment of a ruptured blood vessel or heart, such as sealing a rupture of the left ventricle. False aneurysm is formed by organized THROMBUS and HEMATOMA in surrounding tissue.",MSH,"False aneurysm is a contained rupture of a blood vessel or heart, typically formed by organized thrombus and hematoma."
C0444706,Having been determined by measurement.,NCI,"Measurement determines illness severity, treatment effectiveness, and overall health status; essential for accurate diagnosis and monitoring progress."
C1696103,"<b>Description:</b>A characteristic representing a single file reference that contains two or more views of the same dosage form of the product; in most cases this should represent front and back views of the dosage form, but occasionally additional views might be needed in order to capture all of the important physical characteristics of the dosage form. Any imprint and/or symbol should be clearly identifiable, and the viewer should not normally need to rotate the image in order to read it. Images that are submitted with SPL should be included in the same directory as the SPL file.",HL7V3.0,"This is an image showing front and back views of a product, with clear imprints and symbols."
C1282910,"In anatomy, indicating higher than a given reference point.",NCI,"Above reference point, marked by arrow pointing upwards. Possible for height, volume, temperature, or level measurements."
C0577559,"A benign or malignant pathologic structure in any part of the body, resulting from a neoplastic accumulation of cells, inflammatory cells, or cystic changes.",NCI,"The image shows a medical structure in the body, possibly indicating a neoplastic accumulation of cells or inflammation."
C0227391,A segment of the COLON between the RECTUM and the descending colon.,MSH,"The image shows the sigmoid colon, a curved portion of the large intestine located before the rectum."
C0030705,"Individuals participating in the health care system for the purpose of receiving therapeutic, diagnostic, or preventive procedures.",MSH,"Patients engage in health care for treatments, tests, or preventative measures. None"
C1261074,"The lobe of the right lung, situated above the horizontal fissure, which includes the apex.",NCI,Upper right lobe of the lung positioned above the horizontal fissure with included apex.
C0009244,"A directive form of psychotherapy based on the interpretation of situations (cognitive structure of experiences) that determine how an individual feels and behaves. It is based on the premise that cognition, the process of acquiring knowledge and forming beliefs, is a primary determinant of mood and behavior. The therapy uses behavioral and verbal techniques to identify and correct negative thinking that is at the root of the aberrant behavior.",MSH,Cognitive therapy focuses on correcting negative thinking patterns to improve mood and behavior through behavioral and verbal techniques.
C1699633,An imaging technique that combines a POSITRON-EMISSION TOMOGRAPHY (PET) scanner and a CT X RAY scanner. This establishes a precise anatomic localization in the same session.,MSH,This imaging technique combines PET and CT scanners for accurate anatomic localization in one session.
C0205217,None,None,None
C0046056,"The compound is given by intravenous injection to do POSITRON-EMISSION TOMOGRAPHY for the assessment of cerebral and myocardial glucose metabolism in various physiological or pathological states including stroke and myocardial ischemia. It is also employed for the detection of malignant tumors including those of the brain, liver, and thyroid gland. (From Martindale, The Extra Pharmacopoeia, 30th ed, p1162)",MSH,The compound is used for PET scans to assess glucose metabolism and detect tumors in various physiological states.
C0456389,The physical magnitude of something.,NCI,The physical magnitude of something.
C0028259,"A small lump, swelling or collection of tissue.",NCI,"This medical keyword describes a small, localized growth or abnormality present in the body."
C0021485,None,None,None
C0233426,None,None,None
C0205126,Parallel to or in the plane of the horizon.,NCI,"The image shows a plane parallel to the horizon."
C0332463,None,None,None
C0205161,"Deviating in any way from the state, position, structure, condition, behavior, or rule which is considered a norm.",NCI,Abnormal deviation from norm in medical context.
C0017446,The continents and countries situated on those continents; the UNITED STATES and each of the constituent states arranged by region; CANADA and each of its provinces; AUSTRALIA and each of its states; the major bodies of water and major islands on both hemispheres; and selected major cities.,MSH,"The database includes geographic locations such as continents, countries, states, bodies of water, islands, and major cities."
C0441889,"A position on a scale measuring intensity, quality, or amount.",NCI,"The image depicts a clear and easy-to-read scale used in medical settings to measure intensity, quality, or amount."
C0439231,"One of the 12 divisions of a year as determined by a calendar. It corresponds to the unit of time of approximately to one cycle of the moon's phases, about 30 days or 4 weeks.",NCI,None
C0238767,Affecting both sides of the body or a matched pair of organs.,NCI,This keyword describes medical conditions that impact both sides of the body or organs in a paired manner.
C1514893,"Return to the normal structure and/or function, e.g. the subsidence of a pathologic process, as the subsidence of an inflammatory lesion or new growth.",NCI,None
C0221198,"A localized pathological or traumatic structural change, damage, deformity, or discontinuity of tissue, organ, or body part.",NCI,"Distinct abnormality or irregularity in tissue, organ, or body part."
C0039985,An x-ray examination of the chest.,NCI,"The x-ray shows the lungs, heart, and ribs in black and white, highlighting any abnormalities present in the chest."
C0205266,Undamaged in any way; whole.,NCI,"The tissue appeared intact and healthy with no signs of damage, indicating it was in a pristine state."
C0021102,A prosthesis placed permanently in tissue.,NCI,"A prosthetic implant surgically inserted into tissue for long-term use, serving as a permanent replacement for missing body parts."
C0336721,None,None,None
C1314939,To have a connection by participation or association or use; sharing in an activity or process.,NCI,To have a connection by participation or association or use; sharing in an activity or process.
C0015376,"The leakage of body fluid or cells from the vascular system to the surrounding tissues. This process occurs either by force or as a result of a pathologic reaction (e.g., inflammation). This process may sometimes allow cancer cells to migrate from capillaries to adjacent tissues, initiating micro-metastases.",NCI,"Vascular leakage leads to fluid or cell escape from blood vessels, potentially facilitating micro-metastases in adjacent tissues."
C0009924,Substances used to allow enhanced visualization of tissues.,MSH,Contrast agents are used to improve visibility of tissues during medical imaging procedures.
C0000833,"Accumulation of purulent material in tissues, organs, or circumscribed spaces, usually associated with signs of infection.",MSH,"A medical condition characterized by purulent material buildup in tissues or organs, often signaling infection."
C0019080,Bleeding or escape of blood from a vessel.,MSH,Blood escape from vessel.
C0332281,Joined in some kind of relationship.,NCI,"The image depicts two cells joined in a relationship, sharing a boundary"
C0031039,Fluid accumulation within the PERICARDIUM. Serous effusions are associated with pericardial diseases. Hemopericardium is associated with trauma. Lipid-containing effusion (chylopericardium) results from leakage of THORACIC DUCT. Severe cases can lead to CARDIAC TAMPONADE.,MSH,"Pericardial effusions can be serous, hemorrhagic, or chylous, with severe cases potentially resulting in cardiac tamponade."
C0039798,"Used with diseases for therapeutic interventions except drug therapy, diet therapy, radiotherapy, and surgery, for which specific subheadings exist. The concept is also used for articles and books dealing with multiple therapies.",MSH,"This keyword covers various therapeutic interventions for diseases, excluding drug therapy, diet therapy, radiotherapy, and surgery."
C0475373,"A general term that refers to a TNM finding of primary tumor growth beyond the level of in situ cancer, minimal subepithelial invasion, or minimal greatest diameter. The definition of T2 TNM finding depends on the specific type of cancer that it refers to; for example, for breast cancer it refers to primary tumor that is more than 2.0 cm, but not more than 5.0 cm in greatest dimension; for cutaneous melanoma it refers to primary tumor that is 1.01 to 2 mm in thickness, with or without ulceration; for colorectal cancer it refers to primary tumor with invasion into the muscularis propria; and for bladder cancer it refers to primary tumor with invasion into the muscle layer.",NCI,"T2 TNM finding indicates primary tumor growth beyond in situ cancer, with specific dimensions depending on cancer type."
C0002978,Radiography of blood vessels after injection of a contrast medium.,MSH,"Visualization of blood vessels using contrast dye, to assess for blockages or abnormalities, commonly performed before interventional procedures."
C0000726,That portion of the body that lies between the THORAX and the PELVIS.,MSH,"The image shows the anatomical region known as the ABDOMEN, positioned between the THORAX and the PELVIS."
C0030797,The space or compartment surrounded by the pelvic girdle (bony pelvis). It is subdivided into the greater pelvis and LESSER PELVIS. The pelvic girdle is formed by the PELVIC BONES and SACRUM.,MSH,"The space within the pelvic girdle, divided into greater and lesser pelvis, formed by pelvic bones and sacrum."
C0439234,"A period of time that it takes for Earth to make a complete revolution around the sun, approximately 365 days; a specific one year period.",NCI,None
C0024485,Non-invasive method of demonstrating internal anatomy based on the principle that atomic nuclei in a strong magnetic field absorb pulses of radiofrequency energy and emit them as radiowaves which can be reconstructed into computerized images. The concept includes proton spin tomographic techniques.,MSH,This medical imaging technique creates detailed internal anatomy images using radiofrequency energy and magnetic fields.
C0086296,None,None,None
C0010709,"Any fluid-filled closed cavity or sac that is lined by an EPITHELIUM. Cysts can be of normal, abnormal, non-neoplastic, or neoplastic tissues.",MSH,"A fluid-filled cavity lined by epithelium, may be normal or abnormal, non-neoplastic or neoplastic tissues."
C0227579,That portion of the pancreas lying in the concavity of the duodenum.,NCI,The portion of the pancreas located in the duodenal concavity.
C0032790,The period following a surgical operation.,MSH,"Recovery process includes pain management, wound healing, and physical therapy."
C0678234,None,None,None
C0005889,Liquid components of living organisms.,MSH,"Complex mixtures of proteins, lipids, carbohydrates, and electrolytes, responsible for maintaining cellular functions and overall health."
C0600644,Items gathered and assembled in some order to facilitate access or use.,MSH,"The medical keyword involves collecting and arranging items for easier access, without specified characteristics or details provided."
C0037993,An encapsulated lymphatic organ through which venous blood filters.,MSH,The description lacks specific details about the appearance or function of the organ. None.
C1301886,The length of a straight line passing through the center of a circle or sphere and connecting two points on the circumference.,NCI,"This keyword refers to the diameter of a circle or sphere, connecting two points on the circumference through the center."
C0035359,"An area occupying the most posterior aspect of the ABDOMINAL CAVITY. It is bounded laterally by the borders of the quadratus lumborum muscles and extends from the DIAPHRAGM to the brim of the true PELVIS, where it continues as the pelvic extraperitoneal space.",MSH,"The most posterior area of the abdominal cavity, bordered by quadratus lumborum muscles, extending from diaphragm to pelvic brim."
C0013604,Abnormal fluid accumulation in TISSUES or body cavities. Most cases of edema are present under the SKIN in SUBCUTANEOUS TISSUE.,MSH,"Excessive fluid accumulation in tissues or body cavities, commonly seen as swelling under the skin in subcutaneous tissue."
C0205098,Toward the middle or inside (as opposed to lateral).,NCI,"The image shows a structure positioned more towards the middle or inside, rather than the outer edges."
C0517667,None,None,None
C0024109,Either of the pair of organs occupying the cavity of the thorax that effect the aeration of the blood.,MSH,The lungs are the organs in the thorax that oxygenate blood. They have a spongy texture and are pink in color.
C0205106,"refers to a cross-sectional view of the brain commonly presented in illustrations of its internal structure. Roughly speaking, the term refers to a horizontal plane that extends from the front to the back of the brain. For a more precise definition of its use in BrainInfo see \"" plane of section \"". For a comprehensive review and discussion of uses of this and related terms by different authors, see ( Anthoney-1994 ).",NEU,The term refers to a horizontal slice view of the brain extending from front to back.
C0014876,The muscular membranous segment between the PHARYNX and the STOMACH in the UPPER GASTROINTESTINAL TRACT.,MSH,This medical keyword refers to the area between the pharynx and stomach in the upper gastrointestinal tract.
C0332479,The spatial arrangement of something as distinct from its substance.,NCI,"The organization and structure of an object, without describing its material composition or properties."
C0746405,None,None,None
C0031153,"A membrane of squamous EPITHELIAL CELLS, the mesothelial cells, covered by apical MICROVILLI that allow rapid absorption of fluid and particles in the PERITONEAL CAVITY. The peritoneum is divided into parietal and visceral components. The parietal peritoneum covers the inside of the ABDOMINAL WALL. The visceral peritoneum covers the intraperitoneal organs. The double-layered peritoneum forms the MESENTERY that suspends these organs from the abdominal wall.",MSH,The peritoneum is a membrane of squamous epithelial cells that lines the abdominal wall and covers intraperitoneal organs.
C0205143,The inclination of one line to another or the plane of one object to another.,NCI,The image depicts a clear demonstration of the angular relationship between two lines or objects.
C0024947,"One of a pair of irregularly shaped bones that form the upper jaw. A maxillary bone provides tooth sockets for the superior teeth, forms part of the ORBIT, and contains the MAXILLARY SINUS.",MSH,"The maxillary bone is irregularly shaped, forms the upper jaw, contains the maxillary sinus, and provides tooth sockets."
C0220825,"Systematic, objective appraisal of the significance, effectiveness, and impact of activities or condition according to specified objectives and criteria.",NCI,Comprehensive evaluation of activities or conditions based on specific objectives and criteria for determining significance and effectiveness.
C0040132,"A highly vascularized endocrine gland consisting of two lobes joined by a thin band of tissue with one lobe on each side of the TRACHEA. It secretes THYROID HORMONES from the follicular cells and CALCITONIN from the parafollicular cells thereby regulating METABOLISM and CALCIUM level in blood, respectively.",MSH,"Highly vascularized endocrine gland with two lobes, secreting thyroid hormones and calcitonin to regulate metabolism and blood calcium levels."
C0041618,The visualization of deep structures of the body by recording the reflections or echoes of ultrasonic pulses directed into the tissues. Use of ultrasound for imaging or diagnostic purposes employs frequencies ranging from 1.6 to 10 megahertz.,MSH,Ultrasound imaging uses high-frequency sound waves to create detailed images of deep body structures for diagnostic purposes.
C0020564,"General increase in bulk of a part or organ due to CELL ENLARGEMENT and accumulation of FLUIDS AND SECRETIONS, not due to tumor formation, nor to an increase in the number of cells (HYPERPLASIA).",MSH,"Symmetric enlargement of organ or tissue, without tumor or increase in cell number, caused by cell enlargement and fluid accumulation."
C0205385,None,None,None
C0439064,"Having, relating to, or consisting of more than one individual, element, part, or other component; manifold.",NCI,"The medical keyword ""multifaceted"" describes something that is diverse or has many different aspects or components."
C0006104,"The part of CENTRAL NERVOUS SYSTEM that is contained within the skull (CRANIUM). Arising from the NEURAL TUBE, the embryonic brain is comprised of three major parts including PROSENCEPHALON (the forebrain); MESENCEPHALON (the midbrain); and RHOMBENCEPHALON (the hindbrain). The developed brain consists of CEREBRUM; CEREBELLUM; and other structures in the BRAIN STEM.",MSH,"The brain is the central nervous system inside the skull, consisting of forebrain, midbrain, hindbrain, cerebrum, cerebellum, and brainstem."
C0439230,Any period of seven consecutive days.,NCI,None
C0032961,"The status during which female mammals carry their developing young (EMBRYOS or FETUSES) in utero before birth, beginning from FERTILIZATION to BIRTH.",MSH,"The process of carrying developing young in utero, from fertilization to birth, unique to female mammals."
C0225706,The 3-lobed lung located on the right side of the body.,NCI,The right lung has three lobes.
C0015965,"The unborn young of a viviparous mammal, in the postembryonic period, after the major structures have been outlined. In humans, the unborn young from the end of the eighth week after CONCEPTION until BIRTH, as distinguished from the earlier EMBRYO, MAMMALIAN.",MSH,"The fetus is the stage of development after the embryo, typically starting from the 8th week until birth in humans."
C0003962,Accumulation or retention of free fluid within the peritoneal cavity.,MSH,"Increased abdominal girth, swelling, discomfort, and difficulty breathing may be present. None."
C0000768,Malformations of organs or body parts during development in utero.,MSH,"Abnormalities of organ development seen in prenatal ultrasounds, such as heart defects or limb malformations."
C3887511,Knowledge on which to base belief.,NCI,Knowledge on which to base belief.
C0035190,The volume of air remaining in the LUNGS at the end of a maximal expiration. Common abbreviation is RV.,MSH,"The RV is the amount of air left in the lungs after a full exhale, commonly abbreviated as RV."
C0205107,Situated nearest to a point of attachment or origin.,NCI,Proximal means closer to the body's core or starting point of a limb.
C0205108,"Situated farthest from a point of attachment or origin, as of a limb or bone; or directed away from the midline of the body.",NCI,"Distal refers to the farthest point from the body's midline or attachment, typically used in relation to limbs or bones."
C0016976,"A storage reservoir for BILE secretion. Gallbladder allows the delivery of bile acids at a high concentration and in a controlled manner, via the CYSTIC DUCT to the DUODENUM, for degradation of dietary lipid.",MSH,The gallbladder stores and regulates the release of bile acids for digestion of dietary fat in the duodenum.
C0005400,"The channels that collect and transport the bile secretion from the BILE CANALICULI, the smallest branch of the BILIARY TRACT in the LIVER, through the bile ductules, the bile ducts out the liver, and to the GALLBLADDER for storage.",MSH,Channels within liver collect bile and transport it to gallbladder for storage.
C0226054,A blood vessel arising from the bifurcation of the pulmonary artery that carries deoxygenated blood to the right lung.,NCI,Branching artery that supplies right lung; attached to pulmonary artery; carries deoxygenated blood.
C0453107,None,None,None
C0227614,A bean-shaped retroperitoneal organ situated below the diaphragm and posterior to the spleen.,NCI,Kidney: Bean-shaped organ located retroperitoneally below diaphragm and behind spleen. None.
C0041951,One of a pair of thick-walled tubes that transports urine from the KIDNEY PELVIS to the URINARY BLADDER.,MSH,The ureter is a thick-walled tube that carries urine from the kidney pelvis to the urinary bladder.
C0023884,"A large lobed glandular organ in the abdomen of vertebrates that is responsible for detoxification, metabolism, synthesis and storage of various substances.",MSH,"The liver is a vital organ for detoxifying, metabolizing, and storing substances in the body of vertebrates."
C0005682,"A musculomembranous sac along the URINARY TRACT. URINE flows from the KIDNEYS into the bladder via the ureters (URETER), and is held there until URINATION.",MSH,The bladder is a musculomembranous sac in the urinary tract that stores urine before it is released during urination.
C0016658,Breaks in bones.,MSH,"Fractures can be seen on X-rays as dark, jagged lines through the bone. Swelling and bruising may also appear."
C0034571,"Used with organs, regions, and diseases for x-ray examinations.",MSH,"X-ray examinations used for imaging organs and regions related to specific diseases, aiding in diagnosis and treatment."
C0005931,"A specialized CONNECTIVE TISSUE that is the main constituent of the SKELETON. The principal cellular component of bone is comprised of OSTEOBLASTS; OSTEOCYTES; and OSTEOCLASTS, while FIBRILLAR COLLAGENS and hydroxyapatite crystals form the BONE MATRIX.",MSH,"Bone is a specialized connective tissue that forms the skeleton, consisting of osteoblasts, osteocytes, osteoclasts, collagen, and hydroxyapatite crystals."
C0742919,Computed tomography that uses a contrast agent to visualize anatomic structures.,NCI,Contrast-enhanced CT captures detailed images of body structures by highlighting differences in tissue density with contrast agent.
C0034052,The short wide vessel arising from the conus arteriosus of the right ventricle and conveying unaerated blood to the lungs.,MSH,"The pulmonary trunk is a short, wide vessel that carries deoxygenated blood from the right ventricle to the lungs."
C1705504,"Human KAT5 wild-type allele is located within 11q13 and is approximately 8 kb in length. This allele, which encodes histone acetyltransferase KAT5 protein, is involved in the acetylation of nucleosomal histones H4 and H2A.",NCI,Encodes histone acetyltransferase involved in acetylation of nucleosomal histones H4 and H2A on chromosome 11q13.
C0002940,"Pathological outpouching or sac-like dilatation in the wall of any blood vessel (ARTERIES or VEINS) or the heart (HEART ANEURYSM). It indicates a thin and weakened area in the wall which may later rupture. Aneurysms are classified by location, etiology, or other characteristics.",MSH,"Thin and weakened area in blood vessel wall, may rupture. Classified by location, etiology, or other characteristics."
C0025066,"A membrane in the midline of the THORAX of mammals. It separates the lungs between the STERNUM in front and the VERTEBRAL COLUMN behind. It also surrounds the HEART, TRACHEA, ESOPHAGUS, THYMUS, and LYMPH NODES.",MSH,"The mediastinum is a vital structure in the thorax that houses the heart, trachea, esophagus, thymus, and lymph nodes."
C0205090,Being or located on or directed toward the side of the body to the east when facing north.,NCI,"The keyword describes a specific direction on the body, indicating its position relative to cardinal directions."
C0227486,The smaller lobe of the liver extending into the left side of the body.,NCI,The left lobe of the liver appears smaller and extends into the left side of the body.
C0032326,"An accumulation of air or gas in the PLEURAL CAVITY, which may occur spontaneously or as a result of trauma or a pathological process. The gas may also be introduced deliberately during PNEUMOTHORAX, ARTIFICIAL.",MSH,"Accumulation of air in the pleural cavity, possibly from trauma or a pathological process, leading to pneumothorax."
C0205091,Being or located on or directed toward the side of the body to the west when facing north.,NCI,Lateral - side of the body facing west when facing north.
C0016169,"Abnormal communication most commonly seen between two internal organs, or between an internal organ and the surface of the body.",MSH,"Abnormal communication between organs, or between organ and body surface. None."
C0332290,Marked by a reasonable or logical relation of parts and holding together as a harmonious or credible whole.,NCI,"Coherent and cohesive in structure and function, displaying a logical and harmonious organization."
C0012751,The space separating two objects or points.,NCI,None
C0392760,To be influenced by or changed.,NCI,"The image shows a patient undergoing treatment with medications that alter their symptoms, demonstrating therapeutic effectiveness."
C0205094,Denoting the front surface of the body; often used to indicate the position of one structure relative to another.,NCI,Anterior position on the body often indicates a structure's front surface relative to another.
C0015811,"The longest and largest bone of the skeleton, it is situated between the hip and the knee.",MSH,"The longest and largest bone of the skeleton, it is situated between the hip and the knee."
C0003483,The main trunk of the systemic arteries.,MSH,"The aorta is the largest artery in the body, responsible for carrying oxygen-rich blood away from the heart."
C0003023,"A republic in southern Africa, southwest of DEMOCRATIC REPUBLIC OF THE CONGO and west of ZAMBIA. Its capital is Luanda.",MSH,"Angola is located in southern Africa, with Luanda as its capital"
C0205129,None,None,The medical keyword lacks any specific characteristics for summarization in a 20-word sentence. Its features are not defined.
C0205117,Next to or adjoining.,NCI,"The medical keyword ""adjacent"" describes objects or structures that are next to or adjoining each other."
C0205400,An increase in the thickness of a structure.,NCI,"The image shows thickening of a structure, possibly indicating a medical condition."
C0040184,"The second longest bone of the skeleton. It is located on the medial side of the lower leg, articulating with the FIBULA laterally, the TALUS distally, and the FEMUR proximally.",MSH,"The tibia is a robust bone located in the lower leg, articulating with the fibula, talus, and femur."
C0009368,The segment of LARGE INTESTINE between the CECUM and the RECTUM. It includes the ASCENDING COLON; the TRANSVERSE COLON; the DESCENDING COLON; and the SIGMOID COLON.,MSH,"The colon is divided into segments: ascending, transverse, descending, and sigmoid, connecting the cecum and rectum. None."
C0031809,Systematic and thorough inspection of the patient for physical signs of disease or abnormality.,MSH,Comprehensive examination of patient for signs of illness or abnormalities; systematic review to detect potential health issues.
C0034896,"The distal segment of the LARGE INTESTINE, between the SIGMOID COLON and the ANAL CANAL.",MSH,"Located in the lower abdomen, the rectum is the final portion of the large intestine before the anal canal."
C1444754,"The linear extent in space from one end of something to the other end, or the extent of something from beginning to end.",NCI,The measurement of the length of an object or organism from one end to the other.
C0002059,An enzyme that catalyzes the conversion of an orthophosphoric monoester and water to an alcohol and orthophosphate. EC 3.1.3.1.,MSH,This enzyme plays a crucial role in breaking down orthophosphoric monoesters into alcohols and orthophosphates.
C0225317,"A general term comprising tissue that is not hardened or calcified; including muscle, fat, blood vessels, nerves, tendons, ligaments and fascia.",NCI,"Soft tissues include muscle, fat, blood vessels, nerves, tendons, ligaments, and fascia, not hardened or calcified."
C0522510,"The degree or magnitude of strength, energy, or feeling.",NCI,The assessment of a patient's vitality and overall well-being is crucial for determining their medical condition. None.
C0184666,Cumplimiento de los pasos necesarios para admitir a un paciente a un hospital,SCTSPA,The process of admitting a patient to a hospital involves following necessary steps for compliance with protocols.
C0205081,"<p>Privacy metadata indicating the level of protection required to safeguard personal and healthcare information, which if disclosed without authorization, would present a moderate risk of harm to an individual's reputation and sense of privacy.</p><i>Usage Note:</i>The level of protection afforded moderately confidential information is dictated by privacy policies intended to engender trust in a service provider. May include publicly available information in jurisdictions that restrict uses of that information without the consent of the data subject.<p>Privacy policies mandating moderate levels of protection, which preempt less protective privacy policies. ""Moderate"" confidentiality policies differ from and would be preempted by the prevailing privacy policies mandating the normative level of protection for information used in the delivery and management of healthcare.</p>Confidentiality code total order hierarchy: Moderate (M) is less protective than<i>V, R, and N*, and subsumes all other protection levels (i.e., *L</i>and *U*).<b>Examples:</b>Includes personal and health information that an individual authorizes to be collected, accessed, used or disclosed to a bank for a health credit card or savings account; to health oversight authorities; to a hospital patient directory; to worker compensation, disability, property and casualty or life insurers; and to personal health record systems, consumer-controlled devices, social media accounts and online Apps; or for marketing purposes",HL7V3.0,Privacy metadata indicates level of protection for personal and healthcare info to prevent moderate risk of harm.
C0178602,"A quantity of an agent (such as substance or energy) administered, taken, or absorbed at one time.",NCI,This keyword describes the amount of a substance or energy consumed or absorbed in a single instance.
C0024091,VERTEBRAE in the region of the lower BACK below the THORACIC VERTEBRAE and above the SACRAL VERTEBRAE.,MSH,This region of the lower back supports the spine and is crucial for maintaining posture and movement.
C0032227,Presence of fluid in the pleural cavity resulting from excessive transudation or exudation from the pleural surfaces. It is a sign of disease and not a diagnosis in itself.,MSH,Accumulation of fluid in pleural cavity indicates underlying disease; not a diagnosis on its own.
C0086582,"A person who belongs to the sex that normally produces sperm. The term is used to indicate biological sex distinctions, cultural gender role distinctions, or both.",NCI,"Male: typically produces sperm, gender role distinctions, and biological sex differences may be present."
C0011900,"The determination of the nature of a disease or condition, or the distinguishing of one disease or condition from another. Assessment may be made through physical examination, laboratory tests, or the likes. Computerized programs may be used to enhance the decision-making process.",MSH,"Disease diagnosis and differentiation through physical exam, lab tests, and possibly computerized programs for decision making."
C0225897,The left lower chamber of the heart that receives blood from the left atrium and pumps it through the aorta to the body.,NCI,The left ventricle receives blood from the left atrium and sends it to the body through the aorta. None.
C0225883,The lower chamber of the heart located in the right side. It receives blood from the right atrium that is no longer oxygenated and it pumps it to the pulmonary artery.,NCI,"The medical keyword is describing the right ventricle of the heart, which receives deoxygenated blood and pumps it to the lungs."
C0021853,The section of the alimentary canal from the STOMACH to the ANAL CANAL. It includes the LARGE INTESTINE and SMALL INTESTINE.,MSH,"The gastrointestinal tract consists of the stomach, small intestine, and large intestine, continuing to the anal canal."
C0728985,The set of vertebrae immediately caudal to the skull.,NCI,"The image shows a detailed view of the cervical vertebrae, with clear markings and numbered labeling for easy identification."
C0205131,Situated on or along or in the direction of an axis.,NCI,"The image shows a structure located on an axis, with a clear orientation and alignment."
C0013931,"A method of hemostasis utilizing various agents such as Gelfoam, silastic, metal, glass, or plastic pellets, autologous clot, fat, and muscle as emboli. It has been used in the treatment of spinal cord and INTRACRANIAL ARTERIOVENOUS MALFORMATIONS, renal arteriovenous fistulas, gastrointestinal bleeding, epistaxis, hypersplenism, certain highly vascular tumors, traumatic rupture of blood vessels, and control of operative hemorrhage.",MSH,"Hemostasis method using various agents as emboli for treating vascular malformations, bleeding, trauma, tumors, and surgical hemorrhage."
C0030274,A nodular organ in the ABDOMEN that contains a mixture of ENDOCRINE GLANDS and EXOCRINE GLANDS. The small endocrine portion consists of the ISLETS OF LANGERHANS secreting a number of hormones into the blood stream. The large exocrine portion (EXOCRINE PANCREAS) is a compound acinar gland that secretes several digestive enzymes into the pancreatic ductal system that empties into the DUODENUM.,MSH,"The pancreas is a mixed gland with endocrine and exocrine functions, secreting hormones and enzymes into the bloodstream and digestive system."
C0227613,A bean-shaped retroperitoneal organ situated below the diaphragm and posterior to the liver.,NCI,"Anatomical location near liver and diaphragm, bean-shaped, retroperitoneal organ; serves various essential functions in the body."
C0728938,Being or affecting only a part of something.,NCI,"Partial involvement in an area of the body, such as a single limb or organ, rather than in entirety."
C0332575,None,None,None
C0392756,Made less in size or amount or degree.,NCI,"The tumor shrunk significantly after the chemotherapy treatment, showing a reduction in size, amount, and degree of growth."
C0202823,Computed tomography of the chest.,NCI,CT of the chest provides detailed cross-sectional images of the chest area to detect abnormalities such as tumors or pneumonia.
C0449584,None,None,None
C0005847,"Any of the tubular vessels conveying the blood (arteries, arterioles, capillaries, venules, and veins).",MSH,"These vessels transport blood throughout the body, supplying oxygen and nutrients to tissues and removing waste products."
C0008059,"A person 6 to 12 years of age. An individual 2 to 5 years old is CHILD, PRESCHOOL.",MSH,"A 6 to 12-year-old child is in the school-age range, while a 2 to 5-year-old is considered preschool-age."
C0025266,"Human males as cultural, psychological, sociological, political, and economic entities.",MSH,None
C0012691,Displacement of bones from their normal positions at a joint.,MSH,"Bone dislocation visible on X-ray with misalignment of joint, possible fracture, swelling, bruising, and restricted range of motion."
C0746408,None,None,None
C1710082,"A detectable physical quantity or impulse (e.g., voltage, current, or magnetic field strength).",NCI,"The medical keyword refers to a measurable entity like voltage, current, or magnetic field strength."
C0036974,A pathological condition manifested by failure to perfuse or oxygenate vital organs.,MSH,Hypoxia due to inadequate perfusion resulting in tissue damage and organ dysfunction.
C0037303,The SKELETON of the HEAD including the FACIAL BONES and the bones enclosing the BRAIN.,MSH,"The image shows the skull, facial bones, and brain-enclosing bones."
C0027551,Sharp instruments used for puncturing or suturing.,MSH,"Small, pointed, and metallic tools used for piercing or stitching wounds in medical procedures."
C0027627,The transfer of a neoplasm from one organ or part of the body to another remote from the primary site.,MSH,Metastasis is the spread of cancer cells from the primary site to distant organs or tissues.
C0140145,"DNA-(apurinic or apyrimidinic site) lyase (318 aa, ~36 kDa) is encoded by the human APEX1 gene. This protein plays a role in both DNA repair and the regulation of transcription.",NCI,DNA-(apurinic or apyrimidinic site) lyase is a 318 aa protein encoded by APEX1 gene involved in DNA repair/transcription regulation.
C0018787,"The hollow, muscular organ that maintains the circulation of the blood.",MSH,"The heart, a vital organ responsible for pumping blood throughout the body, is hollow, muscular, and crucial for survival."
C0023128,"A country located in Eastern Europe, bordering the Baltic Sea, between Estonia and Lithuania. The capital is Riga.",MSH,"Latvia is a Baltic country in Eastern Europe with Riga as its capital, known for its rich cultural heritage."
C0001779,How long something has existed; elapsed time since birth.,NCI,"The image shows a timeline of medical advancements from past to present, illustrating the concept of medical evolution over time."
C0205271,Lacking perfect symmetry or evenness.,NCI,"Asymmetry present in medical image, indicating unevenness or lack of perfect symmetry in the structure being observed."
C0333307,None,None,None
C0543467,"Operations carried out for the correction of deformities and defects, repair of injuries, and diagnosis and cure of certain diseases. (Taber, 18th ed.).",MSH,"Medical surgeries are performed to correct deformities, injuries, and diseases for diagnosis, repair, and cure purposes."
C4086564,The pressure and/or displacement of adjacent tissues that results from the growth of a mass.,NCI,Pressure and displacement of tissues from mass growth.
C0206054,"Ultrasonic recording of the size, motion, and composition of the heart and surrounding tissues using a transducer placed in the esophagus.",MSH,Highly detailed imaging of the heart and surrounding tissues through the use of an esophageal transducer for ultrasounds.
C0037925,A cylindrical column of tissue that lies within the vertebral canal. It is composed of WHITE MATTER and GRAY MATTER.,MSH,"The spinal cord contains white and gray matter within the vertebral canal, forming a cylindrical column of tissue."
C0043210,"Human females as cultural, psychological, sociological, political, and economic entities.",MSH,The image shows a complex and multifaceted representation of human females in various aspects of society.
C0022646,Body organ that filters blood for the secretion of URINE and that regulates ion concentrations.,MSH,"The organ is responsible for filtering blood, regulating ion concentrations, and producing urine."
C1280412,"Wide in width, extent or cross-section.",NCI,"The medical keyword is describing something that is broad or extensive in size, width, or cross-section."
C0024687,The largest and strongest bone of the FACE constituting the lower jaw. It supports the lower teeth.,MSH,The mandible is a key facial bone that provides support and strength for the lower teeth in the jawbone.
C0019409,The quality or state of consisting of elements that are not of the same kind or nature.,NCI,"The image shows a diverse range of medical tools and equipment, illustrating heterogeneity in the field of medicine."
C0589120,None,None,None
C0018944,"A collection of blood outside the BLOOD VESSELS. Hematoma can be localized in an organ, space, or tissue.",MSH,"Collection of blood outside blood vessels; can be found in organ, space, or tissue. Aka hematoma."
C0042458,The venous trunk which receives blood from the lower extremities and from the pelvic and abdominal organs.,MSH,"Receives blood from lower extremities, pelvic, and abdominal organs."
C1261075,The lobe of the right lung situated below the oblique fissure.,NCI,"Lower lobe of right lung is below oblique fissure"
C0301630,A chemical reaction that results in a gain of electrons by one of the chemical species involved in the reaction.,NCI,"Oxidation is a chemical process where one substance gains electrons, altering its charge and reactivity in the reaction."
C1261381,Eradicating all or a portion of a body part,SNOMEDCT_US,This process is usually done to remove diseased tissue or organs in order to improve a patient's health.
C0015813,"The hemispheric articular surface at the upper extremity of the thigh bone. (Stedman, 26th ed)",MSH,"The femoral head is the hemispheric upper extremity of the thigh bone, essential for hip joint movement."
C0443285,None,None,None
C0011923,"Any visual display of structural or functional patterns of organs or tissues for diagnostic evaluation. It includes measuring physiologic and metabolic responses to physical and chemical stimuli, as well as ultramicroscopy.",MSH,"Visual display of organs or tissues for diagnostic evaluation, utilizing physiologic and metabolic measurements and ultramicroscopy for analysis."
C1261316,A coronary artery that originates above the right coronary cusp and supplies blood predominantly to the right side of the heart.,NCI,Supplies blood to right side of heart; originates above right coronary cusp. None.
C0445204,Relating to or occurring during the period immediately before a surgical operation.,NCI,Preoperative: Related to events before surgery.
C0444708,None,None,None
C0040426,One of a set of bone-like structures in the mouth used for biting and chewing.,MSH,"The image shows a set of tooth-like structures in the mouth, used for biting and chewing."
C0242485,Annotation used to indicate the size or magnitude of something that was determined by comparison to a standard.,NCI,"The medical keyword describes annotations indicating size or magnitude compared to a standard, providing measurement information."
C1261077,"The larger lobe of the left lung, situated below and behind the oblique fissure.",NCI,The left lower lobe is smaller than the upper lobe and sits below the oblique fissure in the lung.
C2607943,None,None,None
C0038351,An organ of digestion situated in the left upper quadrant of the abdomen between the termination of the ESOPHAGUS and the beginning of the DUODENUM.,MSH,The stomach is a digestive organ located in the left upper abdomen; it connects the esophagus to the duodenum.
C0332459,None,None,None.
C0037949,The spinal or vertebral column.,MSH,The image shows a detailed view of the spinal column.
C0003842,The vessels carrying blood away from the heart.,MSH,Blood vessels transporting oxygenated blood from the heart can be described as arteries and are typically high pressure vessels.
C0087086,None,None,None
C0006888,"An Australian-administered island in the eastern Indian Ocean south of Java, Indonesia.",NCI,"Island location in eastern Indian Ocean, south of Java, under Australian administration."
C0205082,Used to describe tumor samples that exhibit poorly differentiated or undifferentiated cells. They are generally expected to be fast growing and aggressive.,NCI,"Highly aggressive and fast growing tumor cells, likely exhibiting poor differentiation or undifferentiation."
C0018800,"Enlargement of the HEART, usually indicated by a cardiothoracic ratio above 0.50. Heart enlargement may involve the right, the left, or both HEART VENTRICLES or HEART ATRIA. Cardiomegaly is a nonspecific symptom seen in patients with chronic systolic heart failure (HEART FAILURE) or several forms of CARDIOMYOPATHIES.",MSH,"Enlargement of the heart, indicated by increased cardiothoracic ratio, seen in patients with chronic heart failure or cardiomyopathies."
C0871362,None,None,None
C0205251,"A minimum level or position or degree; less than normal in degree, intensity or amount.",NCI,"The patient's blood pressure was low, indicating a hypotensive state. None."
C1511606,A pathologic process that contains a single or multiple sac-like spaces.,NCI,"The image shows a lesion with one or more sac-like spaces, indicating a possible cystic structure."
C0008310,"Fiberoptic endoscopy designed for duodenal observation and cannulation of VATER'S AMPULLA, in order to visualize the pancreatic and biliary duct system by retrograde injection of contrast media. Endoscopic (Vater) papillotomy (SPHINCTEROTOMY, ENDOSCOPIC) may be performed during this procedure.",MSH,"Diagnostic fiberoptic duodenoscopy for visualizing and cannulating Vater's ampulla, allowing retrograde contrast injection for pancreatic and biliary duct evaluation."
C0030288,Ducts that collect PANCREATIC JUICE from the PANCREAS and supply it to the DUODENUM.,MSH,A system of ducts that transport pancreatic juice from the pancreas to the duodenum for digestion.
C0332448,The process of the diffusion or accumulation in a tissue or cells of a substance not normal to it or in amounts above normal. (NCI),NCI,"Abnormal substance accumulation or diffusion in tissue or cells, exceeding normal amounts."
C0013516,"Ultrasonic recording of the size, motion, and composition of the heart and surrounding tissues. The standard approach is transthoracic.",MSH,This medical keyword refers to non-invasive imaging of the heart and surrounding tissues using ultrasound technology.
C0040578,The cartilaginous and membranous tube descending from the larynx and branching into the right and left main bronchi.,MSH,The trachea is a rigid structure lined with cilia that helps to filter and moisten air as it passes through.
C1269955,"The local spread of tumor cells of a malignant neoplasm through infiltration or destruction of adjacent tissue; for epithelial neoplasms, invasion signifies infiltration beneath the epithelial basement membrane.",NCI,"Tumor cells spreading within nearby tissues, infiltrating or destroying them, particularly beneath epithelial basement membranes. (None)"
C0150312,Being or existing in a specified place or at the specified time.,NCI,"The patient is located in the emergency room, receiving treatment for a medical condition."
C0015252,The surgical removal of an organ or a part of an organ.,NCI,"The surgical removal of an organ involves precision, expertise, and care to ensure the patient's well-being and outcomes."
C0079946,"System of classification based on nation from which a person originates, regardless of the nation in which he/she currently resides.",NCI,"Classification system based on a person's country of origin, regardless of current residence."
C1627358,None,None,None
C0332197,Not existing in a specified place at a specified time.,NCI,This keyword likely refers to a condition or symptom that is temporary or intermittent in nature.
C4725622,"Terminology subset about descriptions of the timing by which an active ingredient is made available in the body after administration of the pharmaceutical product, in comparison with a conventional, direct release of the active ingredient.",NCI,This keyword focuses on the timing of active ingredient release in the body after drug administration.
C0205095,Denoting the back surface of the body; at or near the hind end in quadrupeds or toward the spine in primates.,NCI,"The image shows the posterior aspect of the body, emphasizing the back surface or proximity to the spine."
C0223084,Main portion of the vertebra which bears majority of the weight.,MSH,"Vertebral body, large, weight-bearing, mostly solid bone structure. None."
C0006660,Process by which organic tissue becomes hardened by the physiologic deposit of calcium salts.,MSH,"Calcification is the hardening of tissue through the deposit of calcium salts."
C0021852,"The portion of the GASTROINTESTINAL TRACT between the PYLORUS of the STOMACH and the ILEOCECAL VALVE of the LARGE INTESTINE. It is divisible into three portions: the DUODENUM, the JEJUNUM, and the ILEUM.",MSH,"The small intestine is a vital part of the digestive system, consisting of the duodenum, jejunum, and ileum."
C0034579,"Extraoral body-section radiography depicting an entire maxilla, or both maxilla and mandible, on a single film.",MSH,Extraoral radiography displays full view of maxilla or both maxilla and mandible on single film for detailed examination.
C0038257,Devices that provide support for tubular structures that are being anastomosed or for body cavities during skin grafting.,MSH,These devices offer stability for tubular structures or body cavities during procedures like anastomosis or skin grafting.
C2945706,None,None,None
C0032718,A short thick vein formed by union of the superior mesenteric vein and the splenic vein.,MSH,The image shows a short thick vein formed by the superior mesenteric vein and splenic vein union.
C0441635,One of the parts into which something naturally divides.,NCI,"This keyword pertains to the division of a larger entity into smaller parts, typically seen in medical analysis or anatomy."
C0085590,"A flexible, tubular device that is used to carry fluids into or from a blood vessel, hollow organ, or body cavity.",MSH,This device is typically made of plastic or silicone and can vary in size and flexibility.
C1881065,The quality or state of being similar or comparable in kind or nature or of being uniform throughout in composition or structure.,NCI,None
C0042149,"The hollow thick-walled muscular organ in the female PELVIS. It consists of the fundus which is the site of EMBRYO IMPLANTATION and FETAL DEVELOPMENT. Beyond the isthmus at the perineal end of fundus, is CERVIX UTERI (the neck) opening into VAGINA. Beyond the isthmi at the upper abdominal end of fundus, are the FALLOPIAN TUBES.",MSH,"The uterus is a female reproductive organ with a thick muscular wall, used for embryo implantation and fetal development."
C0023031,"The prototypical element in the rare earth family of metals. It has the atomic symbol La, atomic number 57, and atomic weight 138.91. Lanthanide ion is used in experimental biology as a calcium antagonist; lanthanum oxide improves the optical properties of glass.",MSH,"Lanthanide metal, atomic symbol La, 57 atomic number, 138.91 atomic weight, experimental biology use as calcium antagonist, optically affects glass."
C0028778,Blockage of the normal flow of the contents of an anatomical passageway.,NCI,"Obstruction in natural flow within a body passage."
C0700124,The condition of being dilated or stretched.,NCI,"The image showcases an organ appears enlarged or expanded, indicating a potential medical condition."
C0543419,"A pathologic condition that results from a disease, treatment, or injury.",NCI,"The image shows the appearance of a pathologic condition resulting from a disease, treatment, or injury."
C0037922,The cavity within the SPINAL COLUMN through which the SPINAL CORD passes.,MSH,The spinal canal is a hollow space that houses and protects the spinal cord running through the spinal column.
C0005975,Specialized devices used in ORTHOPEDIC SURGERY to repair bone fractures.,MSH,"Innovative instruments, precision tools, and customizable hardware are utilized for intricate bone fixation in Orthopedic Surgery procedures."
C0225860,"One of four chambers of the heart, which receives blood from the pulmonary veins and pumps blood through the mitral valve into the left ventricle.",NCI,"Receives blood from the pulmonary veins, pumps through mitral valve into left ventricle, part of the heart's circulatory system."
C0442800,None,None,None
C0392747,The act of alteration or modification; changed or altered in form or character.,NCI,"The image showcases the transformation of a medical procedure, displaying changes in form and character."
C0868928,None,None,None
C0003489,"The curved section of the aorta between the ascending and the descending tracts. The brachiocephalic, left common carotid and left subclavian arteries branch from the aorta at this section.",NCI,"Curved section of aorta with branching arteries including brachiocephalic, left common carotid, and left subclavian arteries."
C0205322,Retained; never-ceasing.,NCI,"The image shows a persisting, continuous presence of a retained object in a medical setting."
C0227481,The larger lobe of the liver extending into the right side of the body.,NCI,The right lobe of the liver is larger and extends into the right side of the body.
C0332555,None,None,None
C0449450,To show or display; the act of presenting something to sight or view: how something looks.,NCI,The image characteristics display the physical appearance or visual representation of the medical keyword being presented.
C0013303,The shortest and widest portion of the SMALL INTESTINE adjacent to the PYLORUS of the STOMACH. It is named for having the length equal to about the width of 12 fingers.,MSH,The duodenum is a short and wide section of the small intestine located near the stomach's pylorus.
C0449468,The amount of three dimensional space occupied by an object or the capacity of a space or container.,NCI,"Volume refers to the amount of space an object occupies, or the capacity of a container holding a substance."
C0549183,"A medial line, especially the medial line or medial plane of the body (or some part of the body).",NCI,"The image depicts an anatomical structure highlighted by a medial line, providing a clear focus on the body's midline."
C0011980,The musculofibrous partition that separates the THORACIC CAVITY from the ABDOMINAL CAVITY. Contraction of the diaphragm increases the volume of the thoracic cavity aiding INHALATION.,MSH,"The diaphragm is a musculofibrous partition that separates the thoracic cavity from the abdominal cavity, aiding in inhalation."
C0027530,The part of a human or animal body connecting the HEAD to the rest of the body.,MSH,The neck is a slender and flexible area of the body that supports the head and allows for movement.
C0450429,"A position, site, or point in space where something can be found.",NCI,The image shows a detailed diagram of specific anatomical landmarks for precise medical procedures.
C0185023,"Acto u operacin de sostn, sutura o ajuste en una posicin fija",SCTSPA,"The act or operation of supporting, suturing, or adjusting in a fixed position."
C0243144,"The absorption by a tissue of some substance, food material, mineral, etc., and its permanent or temporary retention.",NCI,Tissue absorption and retention of substances.
C0024204,They are oval or bean shaped bodies (1 - 30 mm in diameter) located along the lymphatic system.,MSH,"Small bodies along lymphatic system, 1-30 mm diameter, oval or bean shaped."
C0231448,To increase in length or duration.,NCI,"The patient's recovery showed significant progress, as evidenced by the longitudinal increase in physical strength and endurance."
C0205216,A subjective response indicating that something is or has decreased.,NCI,"Decreased inflammation seen on MRI scan, reduced swelling, no signs of infection or abnormal tissue growth."
C0001861,"The mixture of gases present in the earth's atmosphere consisting of oxygen, nitrogen, carbon dioxide, and small amounts of other gases.",MSH,"The composition of Earth's atmosphere includes oxygen, nitrogen, carbon dioxide, and trace amounts of other gases."
C2349975,To improve the quality of something; make better or more attractive.,NCI,Enhancing the appearance or functionality of a medical product through improvements in quality or performance.
C1707455,The examination of two or more people or things in order to detect similarities and differences.,NCI,Comparison of individuals or objects to identify similarities and differences.
C4028269,None,None,None
C0085532,Radiography of the vascular system of the heart muscle after injection of a contrast medium.,MSH,Visualization of blood flow in the heart using contrast medium injections for vascular system radiography.
C0226032,A left coronary artery branch that descends on the anterior portion of the heart through the anterior interventricular groove.,NCI,Branch of left coronary artery descends anteriorly on heart through interventricular groove.
C0002893,"A severe sometimes chronic anemia, usually macrocytic in type, that does not respond to ordinary antianemic therapy.",MSH,"Severe, chronic, macrocytic anemia that is unresponsive to normal treatment; specialized care may be needed for diagnosis and treatment."
C1260957,"The hue of that portion of the visible spectrum lying between green and indigo, evoked in the human observer by radiant energy with wavelengths of approximately 420 to 490 nanometers; any of a group of colors that may vary in lightness and saturation, whose hue is that of a clear daytime sky.",NCI,"The medical keyword describes a range of colors between green and indigo, reminiscent of a clear daytime sky."
C0309093,None,None,None
C1282914,Extending on all sides of simultaneously; encircling.,NCI,"The tumor appeared to be circumferential, surrounded by healthy tissue on all sides, making surgical removal difficult."
C0227230,The main section of the digestive tube that connects the esophagus to the small intestine. The body proper excludes the upper and lower sections of the fundus and pyloric portion respectively.,NCI,"Main section of digestive tube connecting esophagus to small intestine, excluding upper fundus and lower pyloric portion."
C4551585,Pertaining to a plane containing a line parallel to the long axis of the subject's body and in addition presenting anterior and posterior views on each side of it. This plane is perpendicular to both the transaxial and sagittal.,NCI,The image presents anterior and posterior views on each side of a plane parallel to the body's long axis.
C0549177,"Of considerable or relatively great size, extent, or capacity.",NCI,The image depicts a large medical facility with advanced equipment and spacious rooms for patient care.
C0012817,"A pouch or sac developed from a tubular or saccular organ, such as the GASTROINTESTINAL TRACT.",MSH,A diverticulum is a pouch or sac that protrudes from an organ like the gastrointestinal tract.
C0016542,Inanimate objects that become enclosed in the body.,MSH,"Objects accidentally left inside patient during surgery, leading to infections, pain, and potential organ damage."
C0205307,"In pathology, a term that is used to describe a tissue specimen that has a normal appearance.",NCI,Tissue specimen with normal appearance in pathology. No abnormalities or irregularities observed.
C0376443,An ultrasound administered by using a tube containing flexible fibre optic wires that allows for the analysis of tissues inside the body. Ultrasound technology utilizes high frequency waves and their echoes to produce an image. 2005,NCI,Utilizes high frequency waves and echoes to produce an image of tissues inside the body.
C0018670,"The upper part of the human body, or the front or upper part of the body of an animal, typically separated from the rest of the body by a neck, and containing the brain, mouth, and sense organs.",MSH,"The head is the top part of the body that contains the brain, mouth, and sense organs."
C0205250,An elevated level or position or degree; greater than normal in degree or intensity or amount.,NCI,The image shows a graph with a peak showing abnormal high measurements above the normal range.
C0017110,"The vapor state of matter; nonelastic fluids in which the molecules are in free movement and their mean positions far apart. Gases tend to expand indefinitely, to diffuse and mix readily with other gases, to have definite relations of volume, temperature, and pressure, and to condense or liquefy at low temperatures or under sufficient pressure. (Grant & Hackh's Chemical Dictionary, 5th ed)",MSH,"Gases are nonelastic fluids that expand and diffuse easily, with defined volume, temperature, and pressure relations. Can condense."
C0870221,None,None,None
C0020885,"The distal and narrowest portion of the SMALL INTESTINE, between the JEJUNUM and the ILEOCECAL VALVE of the LARGE INTESTINE.",MSH,"Narrow part of small intestine between jejunum and ileocecal valve."
C0225844,"One of the four chambers of the heart, which is located immediately superior to the right ventricle, and which receives deoxygenated venous blood from the systemic circulation.",NCI,Receives deoxygenated blood from the body and pumps it to the lungs for oxygenation.
C0522501,None,None,None
C0019664,Record and study of past events.,MSH,"The image shows a data analysis graph with charts and tables, illustrating the study and record of past events."
C0733755,"A reference to the alignment of an object, a particular situation or view of a situation, or the location of an object.",NCI,"The medical keyword discusses alignment or positioning of an object, situation, or view without specifying any particular characteristics."
C0442726,"Perceived, discerned, or discovered.",NCI,The characteristics of the image could not be discerned as it appeared blurry and out of focus.
C0444498,"In the natural or normal place, confined to the site of origin without invasion of neighboring tissues.",NCI,The medical keyword describes a condition where abnormal cells remain localized without spreading to nearby tissues.
C0441587,The act of putting one thing into another.,NCI,None
C1261082,A coronary artery that arises from the aorta and bifurcates into the left anterior descending artery and the left circumflex artery.,NCI,The description seems to be discussing the anatomy of the left main coronary artery branching into two arteries.
C0034606,"The production of an image obtained by cameras that detect the radioactive emissions of an injected radionuclide as it has distributed differentially throughout tissues in the body. The image obtained from a moving detector is called a scan, while the image obtained from a stationary camera device is called a scintiphotograph.",MSH,This imaging technique uses radionuclide emissions to create either a scan or scintiphotograph of bodily tissues.
C0002055,"Usually a hydroxide of lithium, sodium, potassium, rubidium or cesium, but also the carbonates of these metals, ammonia, and the amines. (Grant & Hackh's Chemical Dictionary, 5th ed)",MSH,"A range of compounds including hydroxides, carbonates, ammonia, and amines, used in medical applications for various purposes."
C0178587,The amount of something per unit size.,NCI,"The image displays precise measurements of specific substances within a given area, indicating uniform distribution and concentration levels."
C0225730,The 2-lobed lung located on the left side of the body.,NCI,The left lung is smaller than the right lung and has two lobes.
C0442805,"A process of becoming larger, more numerous, more important, or more likely.",NCI,"The image depicts cells proliferating rapidly, filling the frame with a dense and growing cluster of vibrant, active cells."
C1521840,An object fixed as a goal or point of examination; something to point at; a destination.,NCI,"The keyword ""medical"" focuses on a specific object or target for examination, serving as a destination for study."
C0521530,A chest X-ray finding indicating the presence of a radio-opaque area in the lung. The opacification is caused by fluid or solid material within the airways or lung parenchyma.,NCI,Radiopaque area in lung on chest X-ray indicates fluid or solid material in airways or lung parenchyma.
C0225759,None,None,None
C0034573,"Radiographic visualization of the body between the thorax and the pelvis, i.e., within the peritoneal cavity.",MSH,"""Provides detailed images of organs and structures within the peritoneal cavity for diagnostic purposes."""
C0430462,A non-invasive cardiac ultrasound performed by placing the transducer on the chest.,NCI,A non-invasive cardiac ultrasound provides detailed imaging of the heart by using a transducer on the chest.
C0205168,"Narrow in width, extent or cross-section.",NCI,"The image depicts a narrow medical instrument with a limited width, showing detailed cross-sections for precise procedures."
C1521970,"The distinguishing qualities or prominent aspect of a person, object, action, process, or substance.",NCI,This information is not directly related to medical keywords.
C0011334,"Localized destruction of the tooth surface initiated by decalcification of the enamel followed by enzymatic lysis of organic structures and leading to cavity formation. If left unchecked, the cavity may penetrate the enamel and dentin and reach the pulp.",MSH,"Tooth decay is a process of localized destruction of enamel, eventually forming cavities that may penetrate deeper layers."
C0026264,The valve between the left atrium and left ventricle of the heart.,MSH,The mitral valve is present in the heart and controls blood flow between the left atrium and left ventricle.
